,学校名称,地区,人气值
0,厦门大学,福建,2359.1
1,武汉大学,湖北,2014.3
2,四川大学,四川,1941.4
3,北京大学,北京,1704.9
4,中山大学,广东,1660.9
5,清华大学,北京,1635.5
6,中南大学,湖南,1483.7
7,浙江大学,浙江,1463.9
8,山东大学,山东,1394.7
9,西南大学,重庆,1363.3
10,南京大学,江苏,1363.1
11,西南交通大学,四川,1312.3
12,上海交通大学,上海,1311.6
13,苏州大学,江苏,1305.4
14,郑州大学,河南,1294.1
15,重庆大学,重庆,1289.6
16,南华大学,湖南,1269.8
17,复旦大学,上海,1260.4
18,吉林大学,吉林,1212.9
19,青岛大学,山东,1185.5
20,长安大学,陕西,1176.7
21,天津大学,天津,1174.5
22,华南理工大学,广东,1173
23,华中科技大学,湖北,1151.2
24,北京邮电大学,北京,1124.6
25,湖南大学,湖南,1100.7
26,东南大学,江苏,1095.5
27,同济大学,上海,1069.6
28,中国海洋大学,山东,1063.5
29,中国人民大学,北京,1056.9
30,海南大学,海南,1046.9
31,大连理工大学,辽宁,1036.5
32,青岛理工大学,山东,1034.4
33,西安交通大学,陕西,1028.7
34,上海大学,上海,1020.7
35,武汉理工大学,湖北,1017.1
36,济南大学,山东,998.9
37,成都理工大学,四川,998.8
38,南开大学,天津,993.9
39,西南财经大学,四川,985.3
40,北京理工大学,北京,974.8
41,东北大学,辽宁,972.3
42,江南大学,江苏,968.8
43,南昌大学,江西,948
44,电子科技大学,四川,941.3
45,烟台大学,山东,923.2
46,哈尔滨工业大学,黑龙江,921.9
47,兰州大学,甘肃,901.6
48,北京师范大学,北京,890.9
49,中南财经政法大学,湖北,888.1
50,昆明理工大学,云南,886.5
51,上海中医药大学,上海,886
52,上海财经大学,上海,884.2
53,华东师范大学,上海,880.3
54,河南大学,河南,866.2
55,暨南大学,广东,863.4
56,深圳大学,广东,861.4
57,河南科技大学,河南,843.9
58,山东科技大学,山东,828.5
59,中央财经大学,北京,827.9
60,北京航空航天大学,北京,805.6
61,重庆工商大学,重庆,805.5
62,扬州大学,江苏,796.6
63,河南理工大学,河南,791.1
64,山东理工大学,山东,788.8
65,合肥工业大学,安徽,779.2
66,天津理工大学,天津,776.8
67,西北工业大学,陕西,772.9
68,大连海事大学,辽宁,769.8
69,河海大学,江苏,765.5
70,广州大学,广东,763.3
71,中国传媒大学,北京,750.8
72,西安电子科技大学,陕西,750.5
73,天津科技大学,天津,747.4
74,青岛科技大学,山东,731
75,山东建筑大学,山东,728.9
76,西北大学,陕西,726.3
77,中国民航大学,天津,724.1
78,南京理工大学,江苏,722.4
79,太原理工大学,山西,717.8
80,重庆理工大学,重庆,717.1
81,天津商业大学,天津,716.6
82,华北水利水电大学,河南,713.9
83,山东财经大学,山东,713.9
84,华东理工大学,上海,710.1
85,西北农林科技大学,陕西,708.4
86,四川师范大学,四川,705.8
87,集美大学,福建,702.4
88,河南财经政法大学,河南,699
89,重庆医科大学,重庆,697.1
90,云南大学,云南,694.2
91,南京航空航天大学,江苏,693.4
92,上海理工大学,上海,692.2
93,北京交通大学,北京,675.2
94,华北电力大学,北京,664.3
95,天津师范大学,天津,659.8
96,天津财经大学,天津,657.8
97,西南政法大学,重庆,657.7
98,大连交通大学,辽宁,657.3
99,鲁东大学,山东,655.8
100,华中师范大学,湖北,652.5
101,北京工业大学,北京,643.8
102,长沙理工大学,湖南,639.4
103,东北财经大学,辽宁,636.8
104,南京师范大学,江苏,634.1
105,天津工业大学,天津,631.8
106,江西财经大学,江西,631.5
107,重庆交通大学,重庆,630
108,西华大学,四川,627.4
109,南京财经大学,江苏,626.1
110,长江大学,湖北,624.7
111,湘潭大学,湖南,624.3
112,重庆邮电大学,重庆,623.8
113,上海师范大学,上海,621.9
114,安徽大学,安徽,620.4
115,东华大学,上海,620
116,北京科技大学,北京,617.4
117,中国政法大学,北京,611.6
118,中国石油大学（华东）,山东,609.9
119,中国农业大学,北京,609.8
120,对外经济贸易大学,北京,609.1
121,山东师范大学,山东,606.6
122,广东工业大学,广东,602.5
123,辽宁大学,辽宁,599.7
124,海南热带海洋学院,海南,599.6
125,聊城大学,山东,598.2
126,西南科技大学,四川,597.6
127,大连大学,辽宁,597.2
128,临沂大学,山东,594.6
129,北京外国语大学,北京,591.5
130,西安科技大学,陕西,590.1
131,陕西师范大学,陕西,587.5
132,西安理工大学,陕西,582.5
133,东北师范大学,吉林,577.7
134,福州大学,福建,575.5
135,河北工业大学,天津,573.5
136,西南石油大学,四川,571.6
137,哈尔滨理工大学,黑龙江,571.2
138,山东农业大学,山东,570.9
139,华东交通大学,江西,568.3
140,河南工业大学,河南,565.4
141,南京邮电大学,江苏,565
142,厦门理工学院,福建,557.3
143,中北大学,山西,555.3
144,青岛农业大学,山东,553.6
145,哈尔滨工程大学,黑龙江,546.5
146,中国计量大学,浙江,546.4
147,武汉工程大学,湖北,544.9
148,河北大学,河北,544.7
149,中国矿业大学,江苏,544.2
150,齐鲁工业大学,山东,542
151,东北电力大学,吉林,540.5
152,湖南师范大学,湖南,538.9
153,广东财经大学,广东,538.7
154,安徽财经大学,安徽,538.3
155,上海海事大学,上海,535.4
156,广西大学,广西,535
157,曲阜师范大学,山东,534.4
158,武汉科技大学,湖北,533.6
159,郑州轻工业大学,河南,533.1
160,湖南科技大学,湖南,532.7
161,南昌航空大学,江西,532.1
162,湖北工业大学,湖北,531.1
163,上海立信会计金融学院,上海,529.2
164,华南师范大学,广东,527.1
165,江西理工大学,江西,526.1
166,重庆师范大学,重庆,524.5
167,贵州大学,贵州,519.8
168,四川农业大学,四川,519.7
169,浙江工业大学,浙江,519.6
170,浙江理工大学,浙江,517.7
171,中央民族大学,北京,516.5
172,山东工商学院,山东,515.5
173,西安财经大学,陕西,514.6
174,西安石油大学,陕西,512.9
175,西南民族大学,四川,512.7
176,北京联合大学,北京,503.5
177,中国地质大学（武汉）,湖北,502.2
178,山东交通学院,山东,501.8
179,石河子大学,新疆,500.8
180,西安工程大学,陕西,499.7
181,江苏大学,江苏,499.4
182,南京审计大学,江苏,498.1
183,西安工业大学,陕西,497.1
184,华北科技学院,河北,496.9
185,西安建筑科技大学,陕西,496.6
186,安徽工业大学,安徽,495
187,华北理工大学,河北,493.1
188,成都信息工程大学,四川,489.3
189,西北政法大学,陕西,486.6
190,天津医科大学,天津,486.1
191,华侨大学,福建,485.1
192,湖南工业大学,湖南,484.9
193,河北科技大学,河北,484.3
194,中南民族大学,湖北,482.6
195,河南师范大学,河南,482
196,上海外国语大学,上海,481.3
197,云南财经大学,云南,481.1
198,兰州交通大学,甘肃,480.2
199,西安外国语大学,陕西,477.6
200,河北工程大学,河北,476.3
201,黑龙江大学,黑龙江,475.1
202,山西财经大学,山西,474.1
203,国防科技大学,湖南,474.1
204,三峡大学,湖北,473
205,南京农业大学,江苏,463.6
206,北京林业大学,北京,463.2
207,长春工业大学,吉林,461.5
208,中国人民公安大学,北京,461.3
209,首都经济贸易大学,北京,460.3
210,杭州电子科技大学,浙江,457.6
211,成都中医药大学,四川,456.1
212,南通大学,江苏,454.1
213,南京工业大学,江苏,453.5
214,沈阳理工大学,辽宁,451.6
215,江西师范大学,江西,451.5
216,安徽理工大学,安徽,450.8
217,福建师范大学,福建,450.3
218,郑州航空工业管理学院,河南,448.4
219,中国药科大学,江苏,447.4
220,桂林理工大学,广西,447.2
221,大连海洋大学,辽宁,445.5
222,延边大学,吉林,445.5
223,东华理工大学,江西,444.3
224,北京中医药大学,北京,441
225,上海工程技术大学,上海,440.9
226,中原工学院,河南,438.2
227,北京化工大学,北京,436.8
228,河北经贸大学,河北,436.5
229,辽宁工业大学,辽宁,436
230,沈阳工业大学,辽宁,435
231,沈阳航空航天大学,辽宁,433.4
232,中国科学技术大学,安徽,430.7
233,哈尔滨医科大学,黑龙江,429.9
234,四川轻化工大学,四川,429.2
235,洛阳理工学院,河南,423
236,广东外语外贸大学,广东,422.7
237,广东海洋大学,广东,422.6
238,西安邮电大学,陕西,421.1
239,南京信息工程大学,江苏,420.4
240,首都师范大学,北京,418.8
241,华东政法大学,上海,418.5
242,四川外国语大学,重庆,418.5
243,桂林电子科技大学,广西,417.5
244,华中农业大学,湖北,417.5
245,宁波大学,浙江,417.4
246,大连外国语大学,辽宁,416.7
247,燕山大学,河北,413.2
248,山西医科大学,山西,412.9
249,天津外国语大学,天津,412
250,兰州理工大学,甘肃,411.7
251,河南工程学院,河南,411.5
252,北华大学,吉林,407.9
253,石家庄铁道大学,河北,406.6
254,山西大学,山西,403.1
255,苏州科技大学,江苏,402.3
256,重庆科技学院,重庆,401.7
257,浙江工商大学,浙江,400.2
258,华南农业大学,广东,398.2
259,南京工程学院,江苏,398
260,河南农业大学,河南,396.7
261,山东大学（威海）,山东,395.7
262,南方医科大学,广东,394.9
263,潍坊学院,山东,394.7
264,浙江传媒学院,浙江,394.4
265,上海商学院,上海,393.5
266,广东金融学院,广东,392.1
267,山东中医药大学,山东,391.6
268,江汉大学,湖北,391.2
269,中南林业科技大学,湖南,390.6
270,河北医科大学,河北,389.7
271,吉林财经大学,吉林,388.8
272,渤海大学,辽宁,388.5
273,上海海洋大学,上海,388.4
274,杭州师范大学,浙江,386.6
275,江苏科技大学,江苏,382.7
276,西北民族大学,甘肃,382.3
277,湖北经济学院,湖北,381.7
278,东北林业大学,黑龙江,381.3
279,湖北大学,湖北,379.6
280,太原科技大学,山西,379.2
281,上海对外经贸大学,上海,377.3
282,北京工商大学,北京,373.3
283,河北师范大学,河北,371.1
284,河北地质大学,河北,368.7
285,华北电力大学保定校区,河北,367
286,哈尔滨商业大学,黑龙江,366.9
287,天津城建大学,天津,366.1
288,首都医科大学,北京,364.5
289,中国医科大学,辽宁,364.4
290,西安医学院,陕西,364.4
291,上海海关学院,上海,361.3
292,湖南理工学院,湖南,359.2
293,大连工业大学,辽宁,358.3
294,内蒙古科技大学,内蒙古,357.7
295,海南师范大学,海南,356.5
296,上海电力大学,上海,356
297,内蒙古大学,内蒙古,353.2
298,陕西科技大学,陕西,350.3
299,上海第二工业大学,上海,349.1
300,长春理工大学,吉林,346.9
301,南京林业大学,江苏,346.9
302,北京师范大学珠海分校,广东,346.7
303,洛阳师范学院,河南,346.6
304,大连民族大学,辽宁,346.4
305,西华师范大学,四川,344.3
306,上海应用技术大学,上海,343.8
307,浙江师范大学,浙江,340.2
308,广西师范大学,广西,337.9
309,福建工程学院,福建,334.7
310,吉首大学,湖南,334.3
311,浙江财经大学,浙江,334.1
312,厦门大学嘉庚学院,福建,333.9
313,信阳师范学院,河南,333.1
314,沈阳建筑大学,辽宁,333
315,四川大学锦城学院,四川,331.8
316,中国民用航空飞行学院,四川,331.2
317,大连医科大学,辽宁,330.6
318,日照职业技术学院,山东,329.8
319,陕西理工大学,陕西,328.5
320,潍坊医学院,山东,328.3
321,云南师范大学,云南,327.8
322,西南医科大学,四川,327.4
323,广西民族大学,广西,326
324,哈尔滨师范大学,黑龙江,325.9
325,辽宁科技大学,辽宁,324.6
326,南阳理工学院,河南,323.2
327,长春大学,吉林,323.2
328,延安大学,陕西,322.8
329,东北石油大学,黑龙江,322.6
330,辽宁师范大学,辽宁,321.9
331,北京城市学院,北京,321.5
332,广西财经学院,广西,321.4
333,湖南工商大学,湖南,320.6
334,山东第一医科大学,山东,320
335,湖南工程学院,湖南,317.9
336,天津中医药大学,天津,314.7
337,九江学院,江西,314.3
338,贵州师范大学,贵州,313.8
339,湖北中医药大学,湖北,313.6
340,滨州医学院,山东,313.4
341,河南中医药大学,河南,313.4
342,北京建筑大学,北京,310.3
343,东北农业大学,黑龙江,309.9
344,安徽师范大学,安徽,309.5
345,武汉轻工大学,湖北,308.3
346,电子科技大学成都学院,四川,307.9
347,北方民族大学,宁夏,306
348,福建农林大学,福建,305.6
349,新疆大学,新疆,305.2
350,河南科技学院,河南,304.2
351,武汉纺织大学,湖北,303.5
352,新乡医学院,河南,302.7
353,东北大学秦皇岛分校,河北,301.2
354,辽宁石油化工大学,辽宁,300.3
355,长春师范大学,吉林,300.1
356,燕京理工学院,河北,299.9
357,沈阳师范大学,辽宁,299.5
358,重庆大学城市科技学院,重庆,299.2
359,西安外事学院,陕西,298.7
360,湖南农业大学,湖南,297.5
361,商丘师范学院,河南,297.5
362,安徽建筑大学,安徽,296.8
363,沈阳大学,辽宁,295.5
364,青岛理工大学琴岛学院,山东,295.5
365,长沙医学院,湖南,294.3
366,广东医科大学,广东,293.4
367,黑龙江科技大学,黑龙江,291.8
368,江西科技师范大学,江西,291.5
369,江西农业大学,江西,291.3
370,泰山学院,山东,288.9
371,江西科技学院,江西,288.6
372,福建医科大学,福建,288.2
373,安徽工程大学,安徽,287.3
374,河北金融学院,河北,287.3
375,内蒙古师范大学,内蒙古,287
376,广州医科大学,广东,286.8
377,闽江学院,福建,286.4
378,北京语言大学,北京,286.3
379,北方工业大学,北京,285.7
380,上海政法学院,上海,285.6
381,山西大同大学,山西,283.6
382,北京信息科技大学,北京,283.4
383,广州中医药大学,广东,282
384,吉林大学珠海学院,广东,281.3
385,湖南中医药大学,湖南,280.9
386,安徽医科大学,安徽,279.9
387,辽宁工程技术大学,辽宁,278.7
388,北京电子科技学院,北京,277.4
389,广西科技大学,广西,276.3
390,南开大学滨海学院,天津,275.9
391,内蒙古工业大学,内蒙古,275.9
392,长春工程学院,吉林,274.6
393,重庆文理学院,重庆,273.7
394,西北师范大学,甘肃,272.9
395,德州学院,山东,272.5
396,北华航天工业学院,河北,272.4
397,昆明医科大学,云南,272.3
398,济宁医学院,山东,269.4
399,成都大学,四川,269.1
400,常州大学,江苏,267.4
401,中国石油大学（北京）,北京,266.7
402,宁夏大学,宁夏,266.4
403,南京医科大学,江苏,265.8
404,合肥学院,安徽,265.4
405,安阳师范学院,河南,264.5
406,广西医科大学,广西,264.5
407,中华女子学院,北京,264
408,湘南学院,湖南,263.8
409,郑州师范学院,河南,263.6
410,兰州财经大学,甘肃,262.9
411,安徽农业大学,安徽,262.7
412,重庆交通职业学院,重庆,262.4
413,温州大学,浙江,261.4
414,齐齐哈尔大学,黑龙江,258.7
415,西南财经大学天府学院,四川,258.7
416,山西师范大学,山西,258.6
417,北京体育大学,北京,258.2
418,南昌工程学院,江西,257.9
419,青海大学,青海,257.8
420,贵州财经大学,贵州,257.5
421,西安文理学院,陕西,256.9
422,南京中医药大学,江苏,256.4
423,丽水学院,浙江,255.4
424,吉林建筑大学,吉林,255.3
425,山东政法学院,山东,255.2
426,河北农业大学,河北,255.2
427,佳木斯大学,黑龙江,255
428,中山大学南方学院,广东,254.4
429,江苏师范大学,江苏,254.1
430,内蒙古财经大学,内蒙古,253.7
431,重庆邮电大学移通学院,重庆,253.7
432,河南城建学院,河南,253.4
433,河北科技师范学院,河北,251
434,温州医科大学,浙江,251
435,遵义医科大学,贵州,250.9
436,浙江大学城市学院,浙江,248
437,重庆三峡学院,重庆,247.6
438,南阳师范学院,河南,247.6
439,北京理工大学珠海学院,广东,247.6
440,山西农业大学,山西,245.9
441,南昌理工学院,江西,245.8
442,嘉兴学院,浙江,245.5
443,汕头大学,广东,244.1
444,东莞理工学院,广东,243.6
445,陕西中医药大学,陕西,243.5
446,大理大学,云南,243.4
447,浙江科技学院,浙江,243.3
448,文华学院,湖北,242
449,淮北师范大学,安徽,241.7
450,贵州医科大学,贵州,240.6
451,成都医学院,四川,240.5
452,河南大学民生学院,河南,240.3
453,中国刑事警察学院,辽宁,240.3
454,井冈山大学,江西,239.8
455,西安培华学院,陕西,239.7
456,滨州学院,山东,239
457,三亚学院,海南,238.5
458,长沙学院,湖南,238.5
459,天津职业技术师范大学,天津,237.6
460,郑州工商学院,河南,237.5
461,吉林农业大学,吉林,237
462,湖北民族大学,湖北,236.4
463,河南工学院,河南,236.2
464,黄河科技学院,河南,236
465,广东石油化工学院,广东,234.6
466,沈阳化工大学,辽宁,234.6
467,中国劳动关系学院,北京,234.4
468,川北医学院,四川,234.3
469,中央司法警官学院,河北,234.1
470,厦门医学院,福建,231.8
471,浙江农林大学,浙江,231.3
472,上海电机学院,上海,230.3
473,中国地质大学（北京）,北京,229.2
474,防灾科技学院,河北,228.8
475,昆明学院,云南,228.1
476,南宁师范大学,广西,227.2
477,西京学院,陕西,226.7
478,五邑大学,广东,225.7
479,保定理工学院,河北,225.6
480,云南民族大学,云南,225.5
481,湖北师范大学,湖北,225.2
482,云南农业大学,云南,225.2
483,西南林业大学,云南,225
484,海南医学院,海南,224.3
485,韶关学院,广东,222.4
486,四川工商学院,四川,222
487,泉州师范学院,福建,221.6
488,天津农学院,天津,221.4
489,安阳工学院,河南,219.9
490,西安欧亚学院,陕西,219.6
491,湖北理工学院,湖北,218.2
492,北京物资学院,北京,218
493,吉林师范大学,吉林,213.8
494,内蒙古医科大学,内蒙古,212.9
495,中国传媒大学南广学院,江苏,212.7
496,赣南医学院,江西,211.4
497,武汉东湖学院,湖北,210.8
498,江西中医药大学,江西,210.1
499,西藏大学,西藏,209.9
500,北京第二外国语学院,北京,209
501,大连理工大学城市学院,辽宁,208.3
502,浙江工业大学之江学院,浙江,207.8
503,湖南工学院,湖南,207.3
504,闽南师范大学,福建,206.9
505,宝鸡文理学院,陕西,206.5
506,新乡学院,河南,206.5
507,长江师范学院,重庆,205.3
508,黄淮学院,河南,204.2
509,浙江海洋大学,浙江,203.4
510,赣南师范大学,江西,203.3
511,徐州医科大学,江苏,203.3
512,北京石油化工学院,北京,202.7
513,解放军第四军医大学,陕西,201.8
514,外交学院,北京,201.4
515,中国青年政治学院,北京,200.4
516,许昌学院,河南,200
517,咸阳师范学院,陕西,199.8
518,黑龙江中医药大学,黑龙江,199.7
519,廊坊师范学院,河北,199.3
520,内蒙古农业大学,内蒙古,198.6
521,湖北科技学院,湖北,198.4
522,岭南师范学院,广东,198.3
523,河北北方学院,河北,198
524,西安翻译学院,陕西,196.6
525,南京晓庄学院,江苏,196.2
526,湖南科技学院,湖南,195.6
527,邵阳学院,湖南,193.5
528,枣庄学院,山东,193.3
529,四川大学锦江学院,四川,193.2
530,江苏理工学院,江苏,192.9
531,重庆工商大学融智学院,重庆,192.6
532,湖北第二师范学院,湖北,192.4
533,海军军医大学,上海,192.2
534,国际关系学院,北京,190.4
535,哈尔滨工业大学（威海）,山东,190.4
536,西安航空学院,陕西,190.1
537,北京服装学院,北京,190.1
538,河北建筑工程学院,河北,189.8
539,黑龙江工程学院,黑龙江,189.7
540,湖南文理学院,湖南,189.4
541,菏泽学院,山东,188.4
542,石家庄学院,河北,187.9
543,重庆医药高等专科学校,重庆,187.7
544,烟台大学文经学院,山东,187.5
545,北京交通大学海滨学院,河北,187.2
546,重庆师范大学涉外商贸学院,重庆,186.9
547,宁波诺丁汉大学,浙江,186.4
548,沈阳工程学院,辽宁,186.4
549,中国人民解放军战略支援部队信息工程大学,河南,186.2
550,广东药科大学,广东,186
551,长春中医药大学,吉林,185.5
552,佛山科学技术学院,广东,185.2
553,四川文理学院,四川,184.6
554,武汉科技大学城市学院,湖北,184.2
555,湖北医药学院,湖北,183.5
556,太原师范学院,山西,182.8
557,上海建桥学院,上海,182.4
558,锦州医科大学,辽宁,182.1
559,安徽科技学院,安徽,182
560,沈阳医学院,辽宁,181.7
561,新乡医学院三全学院,河南,181.1
562,河北医科大学临床学院,河北,181
563,嘉应学院,广东,180.7
564,宜宾学院,四川,180.4
565,景德镇陶瓷大学,江西,180.3
566,西交利物浦大学,江苏,180
567,湖南财政经济学院,湖南,179.8
568,金陵科技学院,江苏,179.7
569,北京大学医学部,北京,179
570,渭南师范学院,陕西,178.5
571,宁波工程学院,浙江,178.1
572,湖南城市学院,湖南,177.1
573,淮海工学院,江苏,176.9
574,郑州工业应用技术学院,河南,176.8
575,皖南医学院,安徽,176.5
576,华北电力大学科技学院,河北,176.1
577,西昌学院,四川,175.7
578,攀枝花学院,四川,175.7
579,衡阳师范学院,湖南,175.6
580,浙江万里学院,浙江,174.4
581,蚌埠医学院,安徽,174.3
582,武昌首义学院,湖北,173.8
583,宜春学院,江西,173.8
584,上海杉达学院,上海,173.3
585,太原工业学院,山西,173.1
586,惠州学院,广东,172.9
587,新疆医科大学,新疆,172.9
588,大连财经学院,辽宁,172.9
589,武汉职业技术学院,湖北,172.7
590,哈尔滨学院,黑龙江,172.6
591,河北环境工程学院,河北,172.3
592,武汉工商学院,湖北,171.5
593,北京师范大学-香港浸会大学联合国际学院,广东,171.3
594,湖北文理学院,湖北,171.2
595,浙江中医药大学,浙江,171
596,莆田学院,福建,170.7
597,承德医学院,河北,170.4
598,北京电影学院,北京,170.1
599,徐州工程学院,江苏,169.1
600,绵阳师范学院,四川,169
601,武汉学院,湖北,168.8
602,湖南第一师范学院,湖南,168.2
603,广东技术师范大学,广东,168
604,北京协和医学院,北京,167.5
605,重庆人文科技学院,重庆,167.2
606,辽宁对外经贸学院,辽宁,167
607,首都师范大学科德学院,北京,166.8
608,河南职业技术学院,河南,166.5
609,乐山师范学院,四川,165.9
610,广东白云学院,广东,165.6
611,甘肃农业大学,甘肃,165.4
612,西北大学现代学院,陕西,165.1
613,广西中医药大学,广西,165
614,周口师范学院,河南,164.9
615,桂林医学院,广西,163.9
616,台州学院,浙江,163.4
617,贵州民族大学,贵州,163.4
618,内蒙古民族大学,内蒙古,163.4
619,安庆师范大学,安徽,163.3
620,邢台学院,河北,163.2
621,邯郸学院,河北,163
622,河北科技大学理工学院,河北,162.4
623,济宁学院,山东,162.1
624,天津职业大学,天津,162
625,绍兴文理学院,浙江,160.9
626,南京理工大学泰州科技学院,江苏,160.8
627,武夷学院,福建,160.8
628,黑龙江八一农垦大学,黑龙江,160.5
629,山西中医药大学,山西,159.8
630,湖南涉外经济学院,湖南,159.7
631,河南师范大学新联学院,河南,159.5
632,哈尔滨金融学院,黑龙江,159.4
633,集美大学诚毅学院,福建,158.8
634,开封大学,河南,158.7
635,西安科技大学高新学院,陕西,158.3
636,河北大学工商学院,河北,158.1
637,湖北工程学院,湖北,158
638,沈阳药科大学,辽宁,157.4
639,北京中医药大学东方学院,河北,156.5
640,北京印刷学院,北京,156.2
641,西安建筑科技大学华清学院,陕西,155.9
642,黄冈师范学院,湖北,155.6
643,中原工学院信息商务学院,河南,155
644,肇庆学院,广东,154.9
645,江苏警官学院,江苏,153
646,中山大学新华学院,广东,152.7
647,浙江大学宁波理工学院,浙江,152.5
648,中国矿业大学（北京）,北京,152.4
649,北京工商大学嘉华学院,北京,152.3
650,三江学院,江苏,151.9
651,三明学院,福建,151.2
652,深圳职业技术学院,广东,151.1
653,平顶山学院,河南,150.8
654,郑州财经学院,河南,150.6
655,西安思源学院,陕西,150.4
656,天津大学仁爱学院,天津,149.7
657,武汉工程科技学院,湖北,149.6
658,怀化学院,湖南,149.6
659,长治医学院,山西,149.3
660,保定学院,河北,149.2
661,云南大学滇池学院,云南,149.1
662,北京科技大学天津学院,天津,149
663,铜陵学院,安徽,148.7
664,衡水学院,河北,147.4
665,仲恺农业工程学院,广东,147.3
666,阜阳师范学院,安徽,146.8
667,荆楚理工学院,湖北,146.7
668,成都文理学院,四川,146.7
669,福建中医药大学,福建,145.6
670,广东警官学院,广东,145.5
671,北京邮电大学世纪学院,北京,145.5
672,齐齐哈尔医学院,黑龙江,143.7
673,华南理工大学广州学院,广东,143.4
674,鞍山师范学院,辽宁,143
675,唐山学院,河北,142.9
676,青岛滨海学院,山东,142.6
677,贵阳学院,贵州,142.4
678,内江师范学院,四川,141.7
679,北京农学院,北京,141.5
680,昆明医科大学海源学院,云南,141.3
681,吉林化工学院,吉林,141.3
682,天津财经大学珠江学院,天津,141
683,中国人民警察大学,河北,140.8
684,内蒙古化工职业学院,内蒙古,140.8
685,辽东学院,辽宁,140.8
686,黑龙江东方学院,黑龙江,140.6
687,安徽中医药大学,安徽,139.7
688,长春财经学院,吉林,139.1
689,湖北汽车工业学院,湖北,139
690,厦门工学院,福建,138.7
691,齐鲁师范学院,山东,137.7
692,韩山师范学院,广东,137.1
693,盐城师范学院,江苏,137.1
694,上海外国语大学贤达经济人文学院,上海,137.1
695,南京铁道职业技术学院,江苏,136.7
696,湖南医药学院,湖南,135.8
697,西安财经大学行知学院,陕西,135.5
698,云南警官学院,云南,134.9
699,新疆财经大学,新疆,134.6
700,遵义师范学院,贵州,133.9
701,山西医科大学汾阳学院,山西,133.7
702,重庆第二师范学院,重庆,133.7
703,燕山大学里仁学院,河北,133.1
704,沈阳农业大学,辽宁,132.7
705,河北工业大学城市学院,河北,132.7
706,云南中医药大学,云南,132.4
707,北部湾大学,广西,131.5
708,西安交通大学城市学院,陕西,131.5
709,成都工业学院,四川,131.3
710,辽宁中医药大学,辽宁,131
711,天津医科大学临床医学院,天津,130.6
712,山东女子学院,山东,130.6
713,甘肃中医药大学,甘肃,130.5
714,郑州科技学院,河南,130.4
715,中国石油大学胜利学院,山东,130.4
716,云南师范大学商学院,云南,130.4
717,黄山学院,安徽,130.2
718,山西大学商务学院,山西,130.1
719,吉林医药学院,吉林,130.1
720,武汉生物工程学院,湖北,129.3
721,新疆农业大学,新疆,129
722,盐城工学院,江苏,128.9
723,运城学院,山西,128.8
724,辽宁科技学院,辽宁,128.8
725,广东财经大学华商学院,广东,128.6
726,齐鲁理工学院,山东,128.5
727,淮南师范学院,安徽,128.5
728,甘肃政法学院,甘肃,128.3
729,淮阴师范学院,江苏,127.5
730,上海师范大学天华学院,上海,127.2
731,青海师范大学,青海,127
732,常州工学院,江苏,126.8
733,湖南人文科技学院,湖南,126.6
734,吉林工商学院,吉林,126.5
735,浙江外国语学院,浙江,126.1
736,玉林师范学院,广西,126
737,陕西学前师范学院,陕西,125
738,石家庄铁道大学四方学院,河北,124.6
739,天水师范学院,甘肃,124.6
740,湖州师范学院,浙江,124.3
741,西北工业大学明德学院,陕西,124.2
742,成都航空职业技术学院,四川,124.1
743,南京艺术学院,江苏,124.1
744,武汉商学院,湖北,123.9
745,四川传媒学院,四川,123.9
746,合肥师范学院,安徽,123.9
747,河北经贸大学经济管理学院,河北,123.9
748,广东交通职业技术学院,广东,123.4
749,兰州城市学院,甘肃,123.3
750,榆林学院,陕西,123.2
751,上饶师范学院,江西,121.7
752,山东医学高等专科学校,山东,121.5
753,山东青年政治学院,山东,121.1
754,成都师范学院,四川,120.7
755,宁夏医科大学,宁夏,120.7
756,齐鲁医药学院,山东,120.5
757,三峡大学科技学院,湖北,120
758,晋中学院,山西,119.7
759,中国矿业大学徐海学院,江苏,119.3
760,山东商业职业技术学院,山东,119.1
761,漯河医学高等专科学校,河南,119
762,武汉华夏理工学院,湖北,118.9
763,牡丹江师范学院,黑龙江,118.8
764,常熟理工学院,江苏,118.7
765,贵州中医药大学,贵州,118.2
766,济南大学泉城学院,山东,118.2
767,广州大学华软软件学院,广东,118
768,河北师范大学汇华学院,河北,117.9
769,龙岩学院,福建,117.9
770,湖南女子学院,湖南,117.8
771,铁道警察学院,河南,117.2
772,河西学院,甘肃,116.8
773,郑州铁路职业技术学院,河南,116.8
774,上海戏剧学院,上海,116.5
775,新疆师范大学,新疆,116.5
776,山东职业学院,山东,116.4
777,梧州学院,广西,115.6
778,武昌理工学院,湖北,115
779,仰恩大学,福建,114.9
780,成都理工大学工程技术学院,四川,114.5
781,皖西学院,安徽,114.3
782,南京大学金陵学院,江苏,114.2
783,四川警察学院,四川,114
784,长春建筑学院,吉林,113.7
785,中国人民解放军陆军工程大学,江苏,113.6
786,商丘医学高等专科学校,河南,113.4
787,淮阴工学院,江苏,113.4
788,南京财经大学红山学院,江苏,112.7
789,塔里木大学,新疆,111.7
790,河南医学高等专科学校,河南,111.6
791,河南警察学院,河南,111.2
792,广州航海学院,广东,111.1
793,重庆工程职业技术学院,重庆,110.9
794,武汉体育学院,湖北,110.8
795,东南大学成贤学院,江苏,110.1
796,湖北经济学院法商学院,湖北,109.5
797,贵州师范学院,贵州,109
798,牡丹江医学院,黑龙江,109
799,广州大学松田学院,广东,108.8
800,山东警察学院,山东,108.7
801,西安航空职业技术学院,陕西,108.1
802,河北传媒学院,河北,107.8
803,北京吉利学院,北京,107.7
804,南京工业职业技术学院,江苏,107.6
805,海口经济学院,海南,106.8
806,宿州学院,安徽,106.5
807,汉口学院,湖北,106
808,广州美术学院,广东,105.8
809,上海体育学院,上海,105.8
810,南京森林警察学院,江苏,105.3
811,辽宁理工学院,辽宁,105.2
812,山东财经大学东方学院,山东,105.1
813,四川外国语大学成都学院,四川,104.7
814,武汉铁路职业技术学院,湖北,104.2
815,湘潭大学兴湘学院,湖南,104.1
816,青岛工学院,山东,103.7
817,延安大学西安创新学院,陕西,103.3
818,重庆工商大学派斯学院,重庆,103.3
819,河北工业职业技术学院,河北,103.1
820,信阳学院,河南,103
821,中国人民解放军陆军军医大学,重庆,102.7
822,青岛港湾职业技术学院,山东,102.2
823,唐山师范学院,河北,102.1
824,无锡太湖学院,江苏,102
825,广东外语外贸大学南国商学院,广东,101.8
826,成都体育学院,四川,101.5
827,湖北商贸学院,湖北,101.5
828,玉溪师范学院,云南,101.4
829,河北地质大学华信学院,河北,101.2
830,中国人民解放军南京政治学院,江苏,100.5
831,浙江警察学院,浙江,100.4
832,商洛学院,陕西,100.1
833,右江民族医学院,广西,99.8
834,白城师范学院,吉林,99.7
835,百色学院,广西,99.7
836,东北师范大学人文学院,吉林,99.5
837,同济大学浙江学院,浙江,99.5
838,大连东软信息学院,辽宁,99.4
839,香港中文大学,香港,98.7
840,滁州学院,安徽,98.6
841,郑州升达经贸管理学院,河南,98.4
842,广东第二师范学院,广东,98.4
843,解放军国际关系学院,江苏,98
844,吉林外国语大学,吉林,97.9
845,解放军陆军军官学院,安徽,97.7
846,成都东软学院,四川,97.4
847,新余学院,江西,97.4
848,黑龙江外国语学院,黑龙江,97.3
849,河北工程大学科信学院,河北,97.3
850,赤峰学院,内蒙古,96.9
851,河北外国语学院,河北,96.6
852,西安铁路职业技术学院,陕西,96.6
853,凯里学院,贵州,96.6
854,武汉晴川学院,湖北,96.4
855,内蒙古科技大学包头医学院,内蒙古,96.3
856,南方科技大学,广东,95.7
857,湖北工业大学工程技术学院,湖北,95.6
858,天津体育学院,天津,95.6
859,青海民族大学,青海,95.6
860,南京航空航天大学金城学院,江苏,95.5
861,红河学院,云南,95.1
862,沈阳工学院,辽宁,94.7
863,长春工业大学人文信息学院,吉林,94.7
864,通化师范学院,吉林,94.2
865,沈阳城市建设学院,辽宁,93.6
866,河池学院,广西,93.6
867,南京工业大学浦江学院,江苏,93.3
868,陕西警官职业学院,陕西,93.3
869,大庆师范学院,黑龙江,93.2
870,天津师范大学津沽学院,天津,93.1
871,安康学院,陕西,92.9
872,上海音乐学院,上海,92.8
873,黑河学院,黑龙江,92.5
874,四川建筑职业技术学院,四川,92.4
875,湖南交通职业技术学院,湖南,92.2
876,南京师范大学泰州学院,江苏,92.2
877,长春科技学院,吉林,92
878,北京第二外国语学院中瑞酒店管理学院,北京,91.2
879,长治学院,山西,91.1
880,中国计量大学现代科技学院,浙江,91
881,重庆三峡医药高等专科学校,重庆,91
882,沧州师范学院,河北,90.8
883,巢湖学院,安徽,90.8
884,电子科技大学中山学院,广东,90.7
885,威海职业学院,山东,90.5
886,大连艺术学院,辽宁,90.5
887,北京工业大学耿丹学院,北京,90.5
888,黑龙江职业学院,黑龙江,90.4
889,湖北警官学院,湖北,90.4
890,陕西科技大学镐京学院,陕西,90.3
891,福州大学至诚学院,福建,90.1
892,重庆建筑工程职业学院,重庆,89.9
893,天津天狮学院,天津,89.8
894,重庆电子工程职业学院,重庆,89.5
895,山东管理学院,山东,89.5
896,火箭军工程大学,陕西,89.5
897,哈尔滨铁道职业技术学院,黑龙江,89.5
898,长沙理工大学城南学院,湖南,88.9
899,四川音乐学院,四川,88.8
900,江苏大学京江学院,江苏,88.6
901,顺德职业技术学院,广东,88.5
902,闽南理工学院,福建,88.4
903,大连科技学院,辽宁,88.2
904,山东农业工程学院,山东,87.9
905,天津中德应用技术大学,天津,87.8
906,重庆财经职业学院,重庆,87.7
907,南京信息工程大学滨江学院,江苏,87.3
908,安徽医学高等专科学校,安徽,86.6
909,琼台师范学院,海南,86.4
910,重庆工程学院,重庆,86.2
911,菏泽医学专科学校,山东,86.2
912,苏州大学文正学院,江苏,86.2
913,中国人民解放军空军预警学院,湖北,86.1
914,四川工程职业技术学院,四川,86
915,曲靖师范学院,云南,85.8
916,昆明冶金高等专科学校,云南,85.7
917,吉林工程技术师范学院,吉林,85.6
918,云南师范大学文理学院,云南,85.5
919,河北农业大学现代科技学院,河北,85.5
920,大连职业技术学院,辽宁,85.3
921,绥化学院,黑龙江,85.2
922,呼伦贝尔学院,内蒙古,85
923,中国信息大学,北京,84.3
924,西藏民族大学,西藏,84.2
925,广州工商学院,广东,84.1
926,贵州商学院,贵州,83.7
927,烟台南山学院,山东,83.3
928,忻州师范学院,山西,83.2
929,吉林农业科技学院,吉林,83
930,商丘工学院,河南,82.4
931,广东培正学院,广东,82.1
932,天津理工大学中环信息学院,天津,82
933,重庆工贸职业技术学院,重庆,81.8
934,贵州工程应用技术学院,贵州,81.7
935,陇东学院,甘肃,81.6
936,四川交通职业技术学院,四川,81.5
937,成都职业技术学院,四川,80.9
938,贵州大学科技学院,贵州,80.8
939,天津医学高等专科学校,天津,80.7
940,黔南民族师范学院,贵州,80.5
941,公安海警学院,浙江,80.4
942,长春光华学院,吉林,80.2
943,贵阳职业技术学院,贵州,79.5
944,武汉工程大学邮电与信息工程学院,湖北,79.4
945,吕梁学院,山西,79.3
946,兰州工业学院,甘肃,79.2
947,河北工程技术学院,河北,79.1
948,贺州学院,广西,78.9
949,上海财经大学浙江学院,浙江,78.2
950,广东职业技术学院,广东,78.1
951,山东英才学院,山东,78.1
952,长江大学文理学院,湖北,78
953,山东协和学院,山东,78
954,河南财政金融学院,河南,77.7
955,贵州理工学院,贵州,77.7
956,河南牧业经济学院,河南,77.7
957,湘中幼儿师范高等专科学校,湖南,77.5
958,重庆艺术工程职业学院,重庆,77.4
959,石家庄铁路职业技术学院,河北,77.1
960,西南交通大学希望学院,四川,76.9
961,广东机电职业技术学院,广东,76.6
962,福建江夏学院,福建,76.5
963,成都纺织高等专科学校,四川,76.4
964,淄博职业学院,山东,76.2
965,青岛酒店管理职业技术学院,山东,75.8
966,西安工业大学北方信息工程学院,陕西,75.7
967,南阳医学高等专科学校,河南,75.6
968,中国人民解放军陆军装甲兵学院,北京,75.5
969,楚雄师范学院,云南,75.2
970,广州体育学院,广东,75.2
971,香港大学,香港,75
972,蚌埠学院,安徽,74.9
973,扬州大学广陵学院,江苏,74.8
974,广东农工商职业技术学院,广东,74.7
975,桂林航天工业学院,广西,74.7
976,武警警官学院,四川,74.4
977,中央戏剧学院,北京,74.3
978,潍坊科技学院,山东,74.1
979,长沙民政职业技术学院,湖南,74.1
980,河北中医学院,河北,74
981,南京理工大学紫金学院,江苏,74
982,华东交通大学理工学院,江西,73.9
983,四川民族学院,四川,73.9
984,九江职业技术学院,江西,73.8
985,西安医学高等专科学校,陕西,73.7
986,黎明职业大学,福建,73.4
987,中南林业科技大学涉外学院,湖南,73.3
988,澳门大学,澳门,73.3
989,武昌工学院,湖北,73.2
990,苏州卫生职业技术学院,江苏,72.9
991,黑龙江财经学院,黑龙江,72.9
992,北京京北职业技术学院,北京,72.8
993,山东艺术学院,山东,72.5
994,陕西职业技术学院,陕西,72.5
995,上海健康医学院,上海,72.5
996,西安体育学院,陕西,71.9
997,浙江师范大学行知学院,浙江,71.7
998,安顺学院,贵州,71.7
999,郑州商学院,河南,71.6
1000,南京师范大学中北学院,江苏,71.6
1001,江西警察学院,江西,71.6
1002,广州铁路职业技术学院,广东,71.5
1003,铜仁学院,贵州,71.1
1004,苏州职业大学,江苏,71
1005,安徽职业技术学院,安徽,70.8
1006,辽宁中医药大学杏林学院,辽宁,70.6
1007,武汉纺织大学外经贸学院,湖北,70.6
1008,遵义医药高等专科学校,贵州,70.5
1009,青岛黄海学院,山东,70.5
1010,辽宁财贸学院,辽宁,70.5
1011,芜湖职业技术学院,安徽,70.3
1012,邢台职业技术学院,河北,69.9
1013,南京邮电大学通达学院,江苏,69.8
1014,青岛职业技术学院,山东,69.8
1015,无锡职业技术学院,江苏,69.6
1016,武汉设计工程学院,湖北,69.5
1017,北京电子科技职业学院,北京,69.3
1018,吉林警察学院,吉林,69.1
1019,长沙师范学院,湖南,69.1
1020,安徽水利水电职业技术学院,安徽,68.9
1021,兰州交通大学博文学院,甘肃,68.8
1022,北京科技职业学院,北京,68.7
1023,郑州旅游职业学院,河南,68.5
1024,内蒙古科技大学包头师范学院,内蒙古,68.4
1025,池州学院,安徽,68.2
1026,重庆电讯职业学院,重庆,67.8
1027,安徽财经大学商学院,安徽,67.6
1028,湖南警察学院,湖南,67.1
1029,辽宁警察学院,辽宁,67.1
1030,南昌工学院,江西,67
1031,广东轻工职业技术学院,广东,66.9
1032,山东财经大学燕山学院,山东,66.8
1033,兰州文理学院,甘肃,66.7
1034,宁波大学科学技术学院,浙江,66.6
1035,沈阳体育学院,辽宁,66.5
1036,滨州职业学院,山东,66.5
1037,天津商业大学宝德学院,天津,66.3
1038,吉林建筑科技学院,吉林,66.3
1039,广州商学院,广东,66.2
1040,济南护理职业学院,山东,66.1
1041,大连工业大学艺术与信息工程学院,辽宁,66
1042,北京信息职业技术学院,北京,65.8
1043,广西民族师范学院,广西,65.6
1044,上海民航职业技术学院,上海,65.3
1045,四川中医药高等专科学校,四川,65.2
1046,广东科学技术职业学院,广东,65.1
1047,大连医科大学中山学院,辽宁,64.9
1048,广西大学行健文理学院,广西,64.8
1049,安徽粮食工程职业学院,安徽,64.7
1050,武警工程大学,陕西,64.7
1051,贵州大学明德学院,贵州,64.6
1052,宁德师范学院,福建,64.4
1053,山东中医药高等专科学校,山东,64.4
1054,中国人民解放军空军工程大学,陕西,64.3
1055,四川外国语大学重庆南方翻译学院,重庆,64.1
1056,湖北交通职业技术学院,湖北,64.1
1057,广州民航职业技术学院,广东,63.7
1058,四川美术学院,重庆,63.6
1059,华南农业大学珠江学院,广东,63.5
1060,山东城市建设职业学院,山东,63
1061,四川文化艺术学院,四川,63
1062,广东科技学院,广东,63
1063,江西财经大学现代经济管理学院,江西,62.9
1064,山东科技大学泰山科技学院,山东,62.8
1065,西南科技大学城市学院,四川,62.7
1066,北京财贸职业学院,北京,62.5
1067,安徽警官职业学院,安徽,61.9
1068,兰州理工大学技术工程学院,甘肃,61.8
1069,四川旅游学院,四川,61.4
1070,山西传媒学院,山西,61.4
1071,湖南铁道职业技术学院,湖南,61.1
1072,南京特殊教育师范学院,江苏,61
1073,天津外国语大学滨海外事学院,天津,61
1074,上海旅游高等专科学校,上海,60.8
1075,长春医学高等专科学校,吉林,60.8
1076,吉林师范大学博达学院,吉林,60.8
1077,北京工业职业技术学院,北京,60.8
1078,武汉交通职业学院,湖北,60.7
1079,安徽中医药高等专科学校,安徽,60.6
1080,肇庆医学高等专科学校,广东,60.5
1081,苏州大学应用技术学院,江苏,60.5
1082,潍坊理工学院,山东,60.4
1083,浙江工商大学杭州商学院,浙江,60.1
1084,焦作师范高等专科学校,河南,59.9
1085,南昌大学科学技术学院,江西,59.5
1086,伊犁师范大学,新疆,59.3
1087,长江大学工程技术学院,湖北,59
1088,广西艺术学院,广西,58.9
1089,长春理工大学光电信息学院,吉林,58.9
1090,河北民族师范学院,河北,58.8
1091,广东海洋大学寸金学院,广东,58.8
1092,中央美术学院,北京,58.7
1093,石家庄邮电职业技术学院,河北,58.4
1094,湖南高速铁路职业技术学院,湖南,58.4
1095,广州番禺职业技术学院,广东,58.3
1096,福建师范大学协和学院,福建,58.3
1097,信阳农林学院,河南,58.1
1098,江苏师范大学科文学院,江苏,58
1099,东莞理工学院城市学院,广东,58
1100,文山学院,云南,57.8
1101,济南职业学院,山东,57.3
1102,湖南化工职业技术学院,湖南,57.2
1103,聊城大学东昌学院,山东,57.1
1104,常州大学怀德学院,江苏,57.1
1105,中国人民解放军陆军军事交通学院,天津,56.6
1106,河北美术学院,河北,56.5
1107,南通大学杏林学院,江苏,56.2
1108,湖北医药学院药护学院,湖北,56.2
1109,中国科学院大学,北京,56.2
1110,太原学院,山西,56
1111,广西师范大学漓江学院,广西,56
1112,湖南商务职业技术学院,湖南,56
1113,中央音乐学院,北京,55.8
1114,江苏建筑职业技术学院,江苏,55.7
1115,天津铁道职业技术学院,天津,55.4
1116,华北理工大学轻工学院,河北,55.4
1117,武汉传媒学院,湖北,55.3
1118,广东水利电力职业技术学院,广东,55.3
1119,长沙南方职业学院,湖南,55.2
1120,喀什大学,新疆,55.1
1121,广西科技大学鹿山学院,广西,55
1122,苏州科技大学天平学院,江苏,54.9
1123,江苏海事职业技术学院,江苏,54.9
1124,桂林电子科技大学信息科技学院,广西,54.8
1125,浙江金融职业学院,浙江,54.8
1126,平顶山工业职业技术学院,河南,54.7
1127,景德镇学院,江西,54.7
1128,江西中医药大学科技学院,江西,54.6
1129,南昌大学共青学院,江西,54.6
1130,阳光学院,福建,54.6
1131,南宁职业技术学院,广西,54.3
1132,广州科技职业技术大学,广东,54.3
1133,湖北大学知行学院,湖北,54.2
1134,南京医科大学康达学院,江苏,54
1135,张家口学院,河北,54
1136,黄河交通学院,河南,53.9
1137,上海科技大学,上海,53.9
1138,河北科技学院,河北,53.9
1139,贵州财经大学商务学院,贵州,53.9
1140,安徽三联学院,安徽,53.9
1141,上海理工大学中英国际学院,上海,53.8
1142,深圳信息职业技术学院,广东,53.7
1143,汉江师范学院,湖北,53.5
1144,广州城建职业学院,广东,53.5
1145,萍乡学院,江西,53.4
1146,青岛农业大学海都学院,山东,53.3
1147,云南艺术学院,云南,53.3
1148,衢州学院,浙江,53.3
1149,湖南城建职业技术学院,湖南,53.2
1150,广东工业大学华立学院,广东,53.1
1151,陕西国防工业职业技术学院,陕西,52.9
1152,太原理工大学现代科技学院,山西,52.6
1153,杨凌职业技术学院,陕西,52.5
1154,浙江水利水电学院,浙江,52.4
1155,浙江树人学院,浙江,52.3
1156,保定职业技术学院,河北,52.3
1157,广东司法警官职业学院,广东,52.2
1158,烟台职业学院,山东,52.1
1159,山东交通职业学院,山东,52.1
1160,西安电力高等专科学校,陕西,52
1161,沈阳科技学院,辽宁,51.9
1162,贵州警察学院,贵州,51.7
1163,黄河水利职业技术学院,河南,51.7
1164,南宁学院,广西,51.7
1165,陕西航空职业技术学院,陕西,51.6
1166,河北水利电力学院,河北,51.5
1167,成都农业科技职业学院,四川,51.5
1168,郑州电子信息职业技术学院,河南,51.5
1169,四川工业科技学院,四川,51.5
1170,中国矿业大学银川学院,宁夏,51.4
1171,山东体育学院,山东,51.2
1172,天津滨海职业学院,天津,51.1
1173,广西民族大学相思湖学院,广西,51.1
1174,广西中医药大学赛恩斯新医药学院,广西,51
1175,常州纺织服装职业技术学院,江苏,50.9
1176,中国美术学院,浙江,50.9
1177,湖北师范大学文理学院,湖北,50.9
1178,陕西交通职业技术学院,陕西,50.8
1179,广州南洋理工职业学院,广东,50.5
1180,西安电力高等专科学校,陕西,52
1181,沈阳科技学院,辽宁,51.9
1182,贵州警察学院,贵州,51.7
1183,黄河水利职业技术学院,河南,51.7
1184,南宁学院,广西,51.7
1185,陕西航空职业技术学院,陕西,51.6
1186,河北水利电力学院,河北,51.5
1187,成都农业科技职业学院,四川,51.5
1188,郑州电子信息职业技术学院,河南,51.5
1189,四川工业科技学院,四川,51.5
1190,中国矿业大学银川学院,宁夏,51.4
1191,山东体育学院,山东,51.2
1192,天津滨海职业学院,天津,51.1
1193,广西民族大学相思湖学院,广西,51.1
1194,广西中医药大学赛恩斯新医药学院,广西,51
1195,常州纺织服装职业技术学院,江苏,50.9
1196,中国美术学院,浙江,50.9
1197,湖北师范大学文理学院,湖北,50.9
1198,陕西交通职业技术学院,陕西,50.8
1199,广州南洋理工职业学院,广东,50.5
